{"cameraMode":{"drawMode":0,"name":"Shaded","section":"Shading Mode"},"sceneLighting":false,"audioPlay":false,"sceneViewState":{"showFog":true,"showMaterialUpdate":false,"showSkybox":false,"showFlares":true,"showImageEffects":true,"showParticleSystems":true},"in2DMode":false,"pivot":{"x":0.0,"y":0.7017497420310974,"z":-0.02116680145263672},"rotation":{"x":0.21433959901332856,"y":0.12414819747209549,"z":-0.02747524529695511,"w":0.9684563875198364},"size":1.1810269355773926,"orthographic":false}